Workbook

Sheet Live Sports (ALL)
A1: Metro / DMA | B1: Weekly Estimates
A2: Abilene - Sweetwater | B2: =SUM(MLB!B2,'MLB (Playoffs)'!B2,NBA!B2,'NBA (Playoffs)'!B2,WNBA!B2,NCAAB!B2,NHL!B2,'NCAAB - March Mania'!B2,'NHL (Playoffs)'!B2,Soccer!B2,'FIFA World Cup 26'!B2,MotorSports!B2,Tennis!B2,Golf!B2,'NFL - MNF'!B2,NCAAF!B2) -> 158154.61
A3: Albany - Schenectady - Troy | B3: =SUM(MLB!B3,'MLB (Playoffs)'!B3,NBA!B3,'NBA (Playoffs)'!B3,WNBA!B3,NCAAB!B3,NHL!B3,'NCAAB - March Mania'!B3,'NHL (Playoffs)'!B3,Soccer!B3,'FIFA World Cup 26'!B3,MotorSports!B3,Tennis!B3,Golf!B3,'NFL - MNF'!B3,NCAAF!B3) -> 1008303
A4: Albany, GA | B4: =SUM(MLB!B4,'MLB (Playoffs)'!B4,NBA!B4,'NBA (Playoffs)'!B4,WNBA!B4,NCAAB!B4,NHL!B4,'NCAAB - March Mania'!B4,'NHL (Playoffs)'!B4,Soccer!B4,'FIFA World Cup 26'!B4,MotorSports!B4,Tennis!B4,Golf!B4,'NFL - MNF'!B4,NCAAF!B4) -> 104557.54
A5: Albuquerque - Santa Fe | B5: =SUM(MLB!B5,'MLB (Playoffs)'!B5,NBA!B5,'NBA (Playoffs)'!B5,WNBA!B5,NCAAB!B5,NHL!B5,'NCAAB - March Mania'!B5,'NHL (Playoffs)'!B5,Soccer!B5,'FIFA World Cup 26'!B5,MotorSports!B5,Tennis!B5,Golf!B5,'NFL - MNF'!B5,NCAAF!B5) -> 683286.16
A6: Alexandria, LA | B6: =SUM(MLB!B6,'MLB (Playoffs)'!B6,NBA!B6,'NBA (Playoffs)'!B6,WNBA!B6,NCAAB!B6,NHL!B6,'NCAAB - March Mania'!B6,'NHL (Playoffs)'!B6,Soccer!B6,'FIFA World Cup 26'!B6,MotorSports!B6,Tennis!B6,Golf!B6,'NFL - MNF'!B6,NCAAF!B6) -> 90408.448
A7: Alpena | B7: =SUM(MLB!B7,'MLB (Playoffs)'!B7,NBA!B7,'NBA (Playoffs)'!B7,WNBA!B7,NCAAB!B7,NHL!B7,'NCAAB - March Mania'!B7,'NHL (Playoffs)'!B7,Soccer!B7,'FIFA World Cup 26'!B7,MotorSports!B7,Tennis!B7,Golf!B7,'NFL - MNF'!B7,NCAAF!B7) -> 17281.884
A8: Amarillo | B8: =SUM(MLB!B8,'MLB (Playoffs)'!B8,NBA!B8,'NBA (Playoffs)'!B8,WNBA!B8,NCAAB!B8,NHL!B8,'NCAAB - March Mania'!B8,'NHL (Playoffs)'!B8,Soccer!B8,'FIFA World Cup 26'!B8,MotorSports!B8,Tennis!B8,Golf!B8,'NFL - MNF'!B8,NCAAF!B8) -> 208567.41
A9: Anchorage | B9: =SUM(MLB!B9,'MLB (Playoffs)'!B9,NBA!B9,'NBA (Playoffs)'!B9,WNBA!B9,NCAAB!B9,NHL!B9,'NCAAB - March Mania'!B9,'NHL (Playoffs)'!B9,Soccer!B9,'FIFA World Cup 26'!B9,MotorSports!B9,Tennis!B9,Golf!B9,'NFL - MNF'!B9,NCAAF!B9) -> 279384.38
A10: Atlanta | B10: =SUM(MLB!B10,'MLB (Playoffs)'!B10,NBA!B10,'NBA (Playoffs)'!B10,WNBA!B10,NCAAB!B10,NHL!B10,'NCAAB - March Mania'!B10,'NHL (Playoffs)'!B10,Soccer!B10,'FIFA World Cup 26'!B10,MotorSports!B10,Tennis!B10,Golf!B10,'NFL - MNF'!B10,NCAAF!B10) -> 9555409.7
A11: Augusta | B11: =SUM(MLB!B11,'MLB (Playoffs)'!B11,NBA!B11,'NBA (Playoffs)'!B11,WNBA!B11,NCAAB!B11,NHL!B11,'NCAAB - March Mania'!B11,'NHL (Playoffs)'!B11,Soccer!B11,'FIFA World Cup 26'!B11,MotorSports!B11,Tennis!B11,Golf!B11,'NFL - MNF'!B11,NCAAF!B11) -> 330467.86
A12: Austin, TX | B12: =SUM(MLB!B12,'MLB (Playoffs)'!B12,NBA!B12,'NBA (Playoffs)'!B12,WNBA!B12,NCAAB!B12,NHL!B12,'NCAAB - March Mania'!B12,'NHL (Playoffs)'!B12,Soccer!B12,'FIFA World Cup 26'!B12,MotorSports!B12,Tennis!B12,Golf!B12,'NFL - MNF'!B12,NCAAF!B12) -> 2970265.3
A13: Bakersfield | B13: =SUM(MLB!B13,'MLB (Playoffs)'!B13,NBA!B13,'NBA (Playoffs)'!B13,WNBA!B13,NCAAB!B13,NHL!B13,'NCAAB - March Mania'!B13,'NHL (Playoffs)'!B13,Soccer!B13,'FIFA World Cup 26'!B13,MotorSports!B13,Tennis!B13,Golf!B13,'NFL - MNF'!B13,NCAAF!B13) -> 477715.41
... A211: Zanesville | B211: =SUM(MLB!B211,'MLB (Playoffs)'!B211,NBA!B211,'NBA (Playoffs)'!B211,WNBA!B211,NCAAB!B211,NHL!B211,'NCAAB - March Mania'!B211,'NHL (Playoffs)'!B211,Soccer!B211,'FIFA World Cup 26'!B211,MotorSports!B211,Tennis!B211,Golf!B211,'NFL - MNF'!B211,NCAAF!B211) -> 67303.243

Sheet MLB
A1: Metro | B1: Estimates Weekly | E1: Regular Season Ends on 9/27
A2: Abilene - Sweetwater | B2: 79194
A3: Albany - Schenectady - Troy | B3: 812362
A4: Albany, GA | B4: 36999
A5: Albuquerque - Santa Fe | B5: 460000
A6: Alexandria, LA | B6: 39775
A7: Alpena | B7: 8052
A8: Amarillo | B8: 147829
A9: Anchorage | B9: 250704
A10: Atlanta | B10: 2922067
A11: Augusta | B11: 218652
A12: Austin, TX | B12: 1483223
A13: Bakersfield | B13: 222673
... A51: Dallas - Fort Worth | B51: 3860643
A52: Davenport - Rock Island - Moline | B52: 180650 | F52: =B52*4 -> 722600
A53: Dayton | B53: 507731
A54: Denver | B54: 3844881
A55: Des Moines - Ames | B55: 395715
A56: Detroit | B56: 1098655
A57: Dothan | B57: 68062
A58: Duluth - Superior | B58: 177991
A59: El Paso | B59: 807553
A60: Elmira | B60: 108051
A61: Erie | B61: 211319
A62: Eugene | B62: 360608
A63: Eureka | B63: 71971
A64: Evansville | B64: 337978
... A211: Zanesville | B211: 39221

Sheet MLB (Playoffs)
A1: Standard DMA - MLB Playoffs | B1: Estimates | D1: MLB Playoffs (9/30 –10/21) 3 weeks
A2: Abilene - Sweetwater | B2: 4399.6667
A3: Albany - Schenectady - Troy | B3: 45131.222
A4: Albany, GA | B4: 2055.5
A5: Albuquerque - Santa Fe | B5: 81116.278
A6: Alexandria, LA | B6: 2209.7222
A7: Alpena | B7: 447.33333
A8: Amarillo | B8: 8212.7222
A9: Anchorage | B9: 13928
A10: Atlanta | B10: 162337.06
A11: Augusta | B11: 12147.333
A12: Austin, TX | B12: 82401.278
A13: Bakersfield | B13: 12370.722
... A211: Zanesville | B211: 2178.9444

Sheet NBA
A1: Standard DMA - NBA | B1: Weekly Estimates | D1: NBA Regular Season (Oct 2025–Apr 2026, 6 months)
A2: Abilene - Sweetwater | B2: 6602.5603
A3: Albany - Schenectady - Troy | B3: 12249.638
A4: Albany, GA | B4: 5639.5661
A5: Albuquerque - Santa Fe | B5: 10884.912
A6: Alexandria, LA | B6: 4242.726
A7: Alpena | B7: 767.85921
A8: Amarillo | B8: 4243.3994
A9: Anchorage | B9: 821.45339
A10: Atlanta | B10: 600529.55
A11: Augusta | B11: 8424.9463
A12: Austin, TX | B12: 129442.47
A13: Bakersfield | B13: 22028.783
... A211: Zanesville | B211: 2320.9969

Sheet NBA (Playoffs)
A1: Standard DMA - NBA (Playoffs) | B1: Estimates | D1: NBA Playoffs (Apr–May 2026, 2 months, excl. Finals)
A2: Abilene - Sweetwater | B2: 3136.2161
A3: Albany - Schenectady - Troy | B3: 5818.5782
A4: Albany, GA | B4: 2678.7939
A5: Albuquerque - Santa Fe | B5: 5170.3331
A6: Alexandria, LA | B6: 2015.2948
A7: Alpena | B7: 364.73312
A8: Amarillo | B8: 2015.6147
A9: Anchorage | B9: 390.19036
A10: Atlanta | B10: 285251.53
A11: Augusta | B11: 4001.8495
A12: Austin, TX | B12: 61485.174
A13: Bakersfield | B13: 10463.672
... A211: Zanesville | B211: 1102.4735

Sheet WNBA
A1: Standard DMA | B1: Weekly Estimates | E1: Season Dates: May 8, 2026 to September 24, 2026
A2: Abilene - Sweetwater | B2: 1055
A3: Albany - Schenectady - Troy | B3: 1958
A4: Albany, GA | B4: 901
A5: Albuquerque - Santa Fe | B5: 1740
A6: Alexandria, LA | B6: 678
A7: Alpena | B7: 123
A8: Amarillo | B8: 678
A9: Anchorage | B9: 131
A10: Atlanta | B10: 95987
A11: Augusta | B11: 1347
A12: Austin, TX | B12: 20690
A13: Bakersfield | B13: 3521
... A211: Zanesville | B211: 371

Sheet NCAAB
A1: Standard DMA - NCAAB | B1: Weekly Estimates | D1: NCAA Basketball Regular Season (Nov 2025–Mar 2026, 5 months
A2: Abilene - Sweetwater | B2: 4126.6002
A3: Albany - Schenectady - Troy | B3: 7656.024
A4: Albany, GA | B4: 3524.7288
A5: Albuquerque - Santa Fe | B5: 6803.0698
A6: Alexandria, LA | B6: 2651.7037
A7: Alpena | B7: 479.91201
A8: Amarillo | B8: 2652.1246
A9: Anchorage | B9: 513.40837
A10: Atlanta | B10: 375330.97
A11: Augusta | B11: 5265.5914
A12: Austin, TX | B12: 80901.545
A13: Bakersfield | B13: 13767.989
... A211: Zanesville | B211: 1450.623

Sheet NCAAB - March Mania
A1: Standard DMA - NCAAB March Mania | B1: Estimates | D1: NCAA Basketball March Mania (Mar 17, 2026 - April 6, 2026)
A2: Abilene - Sweetwater | B2: 676.76243
A3: Albany - Schenectady - Troy | B3: 1255.5879
A4: Albany, GA | B4: 578.05552
A5: Albuquerque - Santa Fe | B5: 1115.7035
A6: Alexandria, LA | B6: 434.87941
A7: Alpena | B7: 78.705569
A8: Amarillo | B8: 434.94844
A9: Anchorage | B9: 84.198972
A10: Atlanta | B10: 61554.278
A11: Augusta | B11: 863.557
A12: Austin, TX | B12: 13267.853
A13: Bakersfield | B13: 2257.9502
... A211: Zanesville | B211: 237.90218

Sheet NHL
A1: Standard DMA - NHL | B1: Weekly Estimates | D1: Oct 2025–Apr 2026, 6 months
A2: Abilene - Sweetwater | B2: 693.26883
A3: Albany - Schenectady - Troy | B3: 1286.212
A4: Albany, GA | B4: 592.15444
A5: Albuquerque - Santa Fe | B5: 1142.9157
A6: Alexandria, LA | B6: 445.48623
A7: Alpena | B7: 80.625217
A8: Amarillo | B8: 445.55694
A9: Anchorage | B9: 86.252606
A10: Atlanta | B10: 63055.602
A11: Augusta | B11: 884.61936
A12: Austin, TX | B12: 13591.46
A13: Bakersfield | B13: 2313.0222
... A211: Zanesville | B211: 243.70467

Sheet NHL (Playoffs)
A1: Standard DMA - NHL (Playoffs) | B1: Estimates | D1: Apr–May 2026, 2 months, excl. Final
A2: Abilene - Sweetwater | B2: 660.25603
A3: Albany - Schenectady - Troy | B3: 1224.9638
A4: Albany, GA | B4: 563.95661
A5: Albuquerque - Santa Fe | B5: 1088.4912
A6: Alexandria, LA | B6: 424.2726
A7: Alpena | B7: 76.785921
A8: Amarillo | B8: 424.33994
A9: Anchorage | B9: 82.145339
A10: Atlanta | B10: 60052.955
A11: Augusta | B11: 842.49463
A12: Austin, TX | B12: 12944.247
A13: Bakersfield | B13: 2202.8783
... A211: Zanesville | B211: 232.09969

Sheet Soccer
A1: Standard DMA - SOCCER | B1: Weekly Estimates
A2: Abilene - Sweetwater | B2: 3301.2801
A3: Albany - Schenectady - Troy | B3: 6124.8192
A4: Albany, GA | B4: 2819.783
A5: Albuquerque - Santa Fe | B5: 5442.4559
A6: Alexandria, LA | B6: 2121.363
A7: Alpena | B7: 383.9296
A8: Amarillo | B8: 2121.6997
A9: Anchorage | B9: 410.72669
A10: Atlanta | B10: 300264.77
A11: Augusta | B11: 4212.4731
A12: Austin, TX | B12: 64721.236
A13: Bakersfield | B13: 11014.391
... A211: Zanesville | B211: 1160.4984

Sheet FIFA World Cup 26
A1: Standard DMA - World Cup 2026 | B1: Estimates | D1: FIFA Tournament Dates (Jun 11, 2026 – Jul 19, 2026)
A2: Abilene - Sweetwater | B2: 3659 | D2: Prod Name: Live Sports - Soccer Prod ID: g2tRPBgLj0S5OyZAgAQssplwAQKi
A3: Albany - Schenectady - Troy | B3: 6788
A4: Albany, GA | B4: 3125
A5: Albuquerque - Santa Fe | B5: 6031
A6: Alexandria, LA | B6: 2351
A7: Alpena | B7: 425
A8: Amarillo | B8: 2351
A9: Anchorage | B9: 455
A10: Atlanta | B10: 332755
A11: Augusta | B11: 4668
A12: Austin, TX | B12: 71725
A13: Bakersfield | B13: 12206
A14: Baltimore | B14: 19100
... A155: Quincy - Hannibal - Keokuk | B155: 1199
A156: Raleigh - Durham (Fayetteville) | B156: 33911 | E156: =B156*4 -> 135644
A157: Rapid City | B157: 2359
A158: Reno | B158: 3443
A159: Richmond - Petersburg | B159: 10567
A160: Roanoke - Lynchburg | B160: 10472
A161: Rochester - Mason City - Austin | B161: 4838
A162: Rochester, NY | B162: 8753
A163: Rockford | B163: 4911
A164: Sacramento - Stockton - Modesto | B164: 30493
A165: Saint Joseph | B165: 926
A166: Saint Louis | B166: 21596
A167: Salisbury | B167: 1224
A168: Salt Lake City | B168: 9105
... A211: Zanesville | B211: 1286

Sheet MotorSports
A1: Standard DMA - MotorSports | B1: Weekly Estimates | D1: Weekly - Varied Events through the Year
A2: Abilene - Sweetwater | B2: 4455
A3: Albany - Schenectady - Troy | B3: 20745
A4: Albany, GA | B4: 5625
A5: Albuquerque - Santa Fe | B5: 26595
A6: Alexandria, LA | B6: 3375
A7: Alpena | B7: 630
A8: Amarillo | B8: 7470
A9: Anchorage | B9: 6030
A10: Atlanta | B10: 94680
A11: Augusta | B11: 10215
A12: Austin, TX | B12: 30240
A13: Bakersfield | B13: 8775
... A211: Zanesville | B211: 1260

Sheet Tennis
A1: Standard DMA - Tennis | B1: Weekly Estimates | D1: Jan - Nov 2026 - ATP events vary throughout the year.
A2: Abilene - Sweetwater | B2: 6332
A3: Albany - Schenectady - Troy | B3: 11748
A4: Albany, GA | B4: 5408
A5: Albuquerque - Santa Fe | B5: 10439
A6: Alexandria, LA | B6: 4069
A7: Alpena | B7: 736
A8: Amarillo | B8: 4070
A9: Anchorage | B9: 788
A10: Atlanta | B10: 575923
A11: Augusta | B11: 8079
A12: Austin, TX | B12: 124139
A13: Bakersfield | B13: 21126
... A211: Zanesville | B211: 2226

Sheet Golf
A1: Standard DMA - Golf | B1: Weekly Estimates | D1: Tournaments Run almost weekly from Jan 15 -December 6, 2026
A2: Abilene - Sweetwater | B2: 7740
A3: Albany - Schenectady - Troy | B3: 14358
A4: Albany, GA | B4: 6610
A5: Albuquerque - Santa Fe | B5: 12759
A6: Alexandria, LA | B6: 4973
A7: Alpena | B7: 900
A8: Amarillo | B8: 4974
A9: Anchorage | B9: 963
A10: Atlanta | B10: 703905
A11: Augusta | B11: 9875
A12: Austin, TX | B12: 151725
A13: Bakersfield | B13: 25820
... A211: Zanesville | B211: 2720

Sheet NFL - MNF
A1: Standard DMA - Football - MNF | B1: Weekly Estimates
A2: Abilene - Sweetwater | B2: 3087
A3: Albany - Schenectady - Troy | B3: 5727
A4: Albany, GA | B4: 2636
A5: Albuquerque - Santa Fe | B5: 5089
A6: Alexandria, LA | B6: 1984
A7: Alpena | B7: 359
A8: Amarillo | B8: 1984
A9: Anchorage | B9: 384
A10: Atlanta | B10: 280767
A11: Augusta | B11: 3939
A12: Austin, TX | B12: 60519
A13: Bakersfield | B13: 10299
... A211: Zanesville | B211: 1085

Sheet NCAAF
A1: Standard DMA - NCAAF | B1: Weekly Estimates (Thurs-Sat)
A2: Abilene - Sweetwater | B2: 29036
A3: Albany - Schenectady - Troy | B3: 53870
A4: Albany, GA | B4: 24801
A5: Albuquerque - Santa Fe | B5: 47869
A6: Alexandria, LA | B6: 18658
A7: Alpena | B7: 3377
A8: Amarillo | B8: 18661
A9: Anchorage | B9: 3613
A10: Atlanta | B10: 2640949
A11: Augusta | B11: 37050
A12: Austin, TX | B12: 569249
A13: Bakersfield | B13: 96876
... A211: Zanesville | B211: 10207
